Workbook

Sheet Dataset
A1: nilai_kehadiran | B1: nilai_ujian | C1: target
A2: 85 | B2: 88 | C2: 1
A3: 78 | B3: 82 | C3: 1
A4: 90 | B4: 91 | C4: 1
A5: 70 | B5: 75 | C5: 1
A6: 88 | B6: 84 | C6: 1
A7: 92 | B7: 89 | C7: 1
A8: 76 | B8: 80 | C8: 1
A9: 83 | B9: 79 | C9: 1
A10: 87 | B10: 90 | C10: 1
A11: 80 | B11: 85 | C11: 1
A12: 74 | B12: 78 | C12: 1
A13: 89 | B13: 86 | C13: 1
... A51: 90 | B51: 92 | C51: 1

Sheet ModelParameter
A1: Parameter | B1: Nilai | E1: Parameter | F1: Nilai | I1: Parameter | J1: Nilai | M1: Parameter | N1: Nilai | Q1: Parameter | R1: Nilai
A2: w1 | B2: 0 | E2: w1_baru | F2: 0.0703 | I2: w1_baru | J2: -0.0684 | M2: w1_baru | N2: 0.1406 | Q2: w1_baru | R2: 0.0019
A3: w2 | B3: 0 | E3: w2_baru | F3: 0.0687 | I3: w2_baru | J3: -0.076 | M3: w2_baru | N3: 0.1374 | Q3: w2_baru | R3: -0.0073
A4: b | B4: 0 | E4: b_baru | F4: 0.0002 | I4: b_baru | J4: 0.0026 | M4: b_baru | N4: 0 | Q4: b_baru | R4: 0.0024
A5: learning_rate (η) | B5: 0.0001 | E5: learning_rate (η) | F5: 0.0001 | I5: learning_rate (η) | J5: 0.0001 | M5: learning_rate (η) | N5: 0.0001 | Q5: learning_rate (η) | R5: 0.0001
A6: lambda (λ) | B6: 0.01 | E6: lambda (λ) | F6: 0.01 | I6: lambda (λ) | J6: 0.01 | M6: lambda (λ) | N6: 0.01 | Q6: lambda (λ) | R6: 0.01
A7: iterasi ke | B7: 1 | E7: iterasi ke | F7: 2 | I7: iterasi ke | J7: 3 | M7: iterasi ke | N7: 4 | Q7: iterasi ke | R7: 5

Sheet UpdateBobot
A1: iterasi | B1: w1 | C1: w2 | D1: b | E1: Total Loss
A2: 0 | B2: 0 | C2: 0 | D2: 0 | E2: 0
A3: 1 | B3: =ModelParameter!B2-ModelParameter!B5*SUM(Iterasi1!G2:'Iterasi1'!G51) -> 0.0703 | C3: =ModelParameter!B3-ModelParameter!B5*SUM(Iterasi1!H2:'Iterasi1'!H51) -> 0.0687 | D3: =ModelParameter!B4+ModelParameter!B5*SUM(Iterasi1!I2:'Iterasi1'!I51) -> 0.0002 | E3: =SUM(Iterasi1!F2:'Iterasi1'!F51) -> 50
A4: 2 | B4: =ModelParameter!$F$2-ModelParameter!$F$5*SUM(Iterasi2!G2:'Iterasi2'!G51) -> -0.0684 | C4: =ModelParameter!$F$3-ModelParameter!$F$5*SUM(Iterasi2!H2:'Iterasi2'!H51) -> -0.076 | D4: =ModelParameter!$F$4+ModelParameter!$F$5*SUM(Iterasi2!I2:'Iterasi2'!I51) -> 0.0026 | E4: =SUM(Iterasi2!F2:'Iterasi2'!F51) -> 220.9198
A5: 3 | B5: =ModelParameter!$J$2-ModelParameter!$J$5*SUM(Iterasi3!G2:'Iterasi3'!G51) -> 0.1406 | C5: =ModelParameter!$J$3-ModelParameter!$J$5*SUM(Iterasi3!H2:'Iterasi3'!H51) -> 0.1374 | D5: =ModelParameter!$J$4+ModelParameter!$J$5*SUM(Iterasi3!I2:'Iterasi3'!I51) -> 0 | E5: =SUM(Iterasi3!F2:'Iterasi3'!F51) -> 331.0724
A6: 4 | B6: =ModelParameter!$N$2-ModelParameter!$N$5*SUM(Iterasi4!G2:G51) -> 0.0019 | C6: =ModelParameter!$N$3-ModelParameter!$N$5*SUM(Iterasi4!H2:'Iterasi4'!H51) -> -0.0073 | D6: =ModelParameter!$N$4+ModelParameter!$N$5*SUM(Iterasi4!I2:'Iterasi4'!I51) -> 0.0024 | E6: =SUM(Iterasi4!F2:'Iterasi4'!F51) -> 417.83
A7: 5 | B7: =ModelParameter!$R$2-ModelParameter!$R$5*SUM(Iterasi5!G2:'Iterasi5'!G51) -> 0.0722 | C7: =ModelParameter!$R$3-ModelParameter!$R$5*SUM(Iterasi5!H2:'Iterasi5'!H51) -> 0.0614 | D7: =ModelParameter!$R$4+ModelParameter!$R$5*SUM(Iterasi5!I2:'Iterasi5'!I51) -> 0.0022 | E7: =SUM(Iterasi5!F2:'Iterasi5'!F51) -> 53.6746

Sheet GrafikLoss

Sheet Iterasi1
A1: x1 | B1: x2 | C1: y | D1: f(x) | E1: y.f(x) | F1: Loss | G1: grad_w1 | H1: grad_w2 | I1: grad_b
A2: 85 | B2: 88 | C2: 1 | D2: =ModelParameter!$B$2*Iterasi1!A2+ModelParameter!$B$3+ModelParameter!$B$4 -> 0 | E2: =C2*D2 -> 0 | F2: =MAX(0, 1-E2) -> 1 | G2: =2*ModelParameter!$B$6*ModelParameter!$B$2-Iterasi1!C2*Iterasi1!A2 -> -85 | H2: =2*ModelParameter!$B$6*ModelParameter!$B$3-Iterasi1!C2*Iterasi1!B2 -> -88 | I2: =C2 -> 1
A3: 78 | B3: 82 | C3: 1 | D3: =ModelParameter!$B$2*Iterasi1!A3+ModelParameter!$B$3+ModelParameter!$B$4 -> 0 | E3: =C3*D3 -> 0 | F3: =MAX(0, 1-E3) -> 1 | G3: =2*ModelParameter!$B$6*ModelParameter!$B$2-Iterasi1!C3*Iterasi1!A3 -> -78 | H3: =2*ModelParameter!$B$6*ModelParameter!$B$3-Iterasi1!C3*Iterasi1!B3 -> -82 | I3: =C3 -> 1
A4: 90 | B4: 91 | C4: 1 | D4: =ModelParameter!$B$2*Iterasi1!A4+ModelParameter!$B$3+ModelParameter!$B$4 -> 0 | E4: =C4*D4 -> 0 | F4: =MAX(0, 1-E4) -> 1 | G4: =2*ModelParameter!$B$6*ModelParameter!$B$2-Iterasi1!C4*Iterasi1!A4 -> -90 | H4: =2*ModelParameter!$B$6*ModelParameter!$B$3-Iterasi1!C4*Iterasi1!B4 -> -91 | I4: =C4 -> 1
A5: 70 | B5: 75 | C5: 1 | D5: =ModelParameter!$B$2*Iterasi1!A5+ModelParameter!$B$3+ModelParameter!$B$4 -> 0 | E5: =C5*D5 -> 0 | F5: =MAX(0, 1-E5) -> 1 | G5: =2*ModelParameter!$B$6*ModelParameter!$B$2-Iterasi1!C5*Iterasi1!A5 -> -70 | H5: =2*ModelParameter!$B$6*ModelParameter!$B$3-Iterasi1!C5*Iterasi1!B5 -> -75 | I5: =C5 -> 1
A6: 88 | B6: 84 | C6: 1 | D6: =ModelParameter!$B$2*Iterasi1!A6+ModelParameter!$B$3+ModelParameter!$B$4 -> 0 | E6: =C6*D6 -> 0 | F6: =MAX(0, 1-E6) -> 1 | G6: =2*ModelParameter!$B$6*ModelParameter!$B$2-Iterasi1!C6*Iterasi1!A6 -> -88 | H6: =2*ModelParameter!$B$6*ModelParameter!$B$3-Iterasi1!C6*Iterasi1!B6 -> -84 | I6: =C6 -> 1
A7: 92 | B7: 89 | C7: 1 | D7: =ModelParameter!$B$2*Iterasi1!A7+ModelParameter!$B$3+ModelParameter!$B$4 -> 0 | E7: =C7*D7 -> 0 | F7: =MAX(0, 1-E7) -> 1 | G7: =2*ModelParameter!$B$6*ModelParameter!$B$2-Iterasi1!C7*Iterasi1!A7 -> -92 | H7: =2*ModelParameter!$B$6*ModelParameter!$B$3-Iterasi1!C7*Iterasi1!B7 -> -89 | I7: =C7 -> 1
A8: 76 | B8: 80 | C8: 1 | D8: =ModelParameter!$B$2*Iterasi1!A8+ModelParameter!$B$3+ModelParameter!$B$4 -> 0 | E8: =C8*D8 -> 0 | F8: =MAX(0, 1-E8) -> 1 | G8: =2*ModelParameter!$B$6*ModelParameter!$B$2-Iterasi1!C8*Iterasi1!A8 -> -76 | H8: =2*ModelParameter!$B$6*ModelParameter!$B$3-Iterasi1!C8*Iterasi1!B8 -> -80 | I8: =C8 -> 1
A9: 83 | B9: 79 | C9: 1 | D9: =ModelParameter!$B$2*Iterasi1!A9+ModelParameter!$B$3+ModelParameter!$B$4 -> 0 | E9: =C9*D9 -> 0 | F9: =MAX(0, 1-E9) -> 1 | G9: =2*ModelParameter!$B$6*ModelParameter!$B$2-Iterasi1!C9*Iterasi1!A9 -> -83 | H9: =2*ModelParameter!$B$6*ModelParameter!$B$3-Iterasi1!C9*Iterasi1!B9 -> -79 | I9: =C9 -> 1
A10: 87 | B10: 90 | C10: 1 | D10: =ModelParameter!$B$2*Iterasi1!A10+ModelParameter!$B$3+ModelParameter!$B$4 -> 0 | E10: =C10*D10 -> 0 | F10: =MAX(0, 1-E10) -> 1 | G10: =2*ModelParameter!$B$6*ModelParameter!$B$2-Iterasi1!C10*Iterasi1!A10 -> -87 | H10: =2*ModelParameter!$B$6*ModelParameter!$B$3-Iterasi1!C10*Iterasi1!B10 -> -90 | I10: =C10 -> 1
A11: 80 | B11: 85 | C11: 1 | D11: =ModelParameter!$B$2*Iterasi1!A11+ModelParameter!$B$3+ModelParameter!$B$4 -> 0 | E11: =C11*D11 -> 0 | F11: =MAX(0, 1-E11) -> 1 | G11: =2*ModelParameter!$B$6*ModelParameter!$B$2-Iterasi1!C11*Iterasi1!A11 -> -80 | H11: =2*ModelParameter!$B$6*ModelParameter!$B$3-Iterasi1!C11*Iterasi1!B11 -> -85 | I11: =C11 -> 1
A12: 74 | B12: 78 | C12: 1 | D12: =ModelParameter!$B$2*Iterasi1!A12+ModelParameter!$B$3+ModelParameter!$B$4 -> 0 | E12: =C12*D12 -> 0 | F12: =MAX(0, 1-E12) -> 1 | G12: =2*ModelParameter!$B$6*ModelParameter!$B$2-Iterasi1!C12*Iterasi1!A12 -> -74 | H12: =2*ModelParameter!$B$6*ModelParameter!$B$3-Iterasi1!C12*Iterasi1!B12 -> -78 | I12: =C12 -> 1
A13: 89 | B13: 86 | C13: 1 | D13: =ModelParameter!$B$2*Iterasi1!A13+ModelParameter!$B$3+ModelParameter!$B$4 -> 0 | E13: =C13*D13 -> 0 | F13: =MAX(0, 1-E13) -> 1 | G13: =2*ModelParameter!$B$6*ModelParameter!$B$2-Iterasi1!C13*Iterasi1!A13 -> -89 | H13: =2*ModelParameter!$B$6*ModelParameter!$B$3-Iterasi1!C13*Iterasi1!B13 -> -86 | I13: =C13 -> 1
... A51: 90 | B51: 92 | C51: 1 | D51: =ModelParameter!$B$2*Iterasi1!A51+ModelParameter!$B$3+ModelParameter!$B$4 -> 0 | E51: =C51*D51 -> 0 | F51: =MAX(0, 1-E51) -> 1 | G51: =2*ModelParameter!$B$6*ModelParameter!$B$2-Iterasi1!C51*Iterasi1!A51 -> -90 | H51: =2*ModelParameter!$B$6*ModelParameter!$B$3-Iterasi1!C51*Iterasi1!B51 -> -92 | I51: =C51 -> 1

Sheet Iterasi2
A1: x1 | B1: x2 | C1: y | D1: f(x) | E1: y.f(x) | F1: Loss | G1: grad_w1 | H1: grad_w2 | I1: grad_b
A2: 85 | B2: 88 | C2: 1 | D2: =ModelParameter!$F$2*Iterasi2!A2+ModelParameter!$F$3*Iterasi2!B2+ModelParameter!$F$4 -> 12.0213 | E2: =C2*D2 -> 12.0213 | F2: =MAX(0,1-E2) -> 0 | G2: =IF(E2>1, 0, -C2*A2) -> 0 | H2: =IF(E2>=1, 0, -C2*B2) -> 0 | I2: =IF(E2>=1, 0, -C2) -> 0
A3: 78 | B3: 82 | C3: 1 | D3: =ModelParameter!$F$2*Iterasi2!A3+ModelParameter!$F$3*Iterasi2!B3+ModelParameter!$F$4 -> 11.117 | E3: =C3*D3 -> 11.117 | F3: =MAX(0,1-E3) -> 0 | G3: =IF(E3>1, 0, -C3*A3) -> 0 | H3: =IF(E3>=1, 0, -C3*B3) -> 0 | I3: =IF(E3>=1, 0, -C3) -> 0
A4: 90 | B4: 91 | C4: 1 | D4: =ModelParameter!$F$2*Iterasi2!A4+ModelParameter!$F$3*Iterasi2!B4+ModelParameter!$F$4 -> 12.5789 | E4: =C4*D4 -> 12.5789 | F4: =MAX(0,1-E4) -> 0 | G4: =IF(E4>1, 0, -C4*A4) -> 0 | H4: =IF(E4>=1, 0, -C4*B4) -> 0 | I4: =IF(E4>=1, 0, -C4) -> 0
A5: 70 | B5: 75 | C5: 1 | D5: =ModelParameter!$F$2*Iterasi2!A5+ModelParameter!$F$3*Iterasi2!B5+ModelParameter!$F$4 -> 10.0737 | E5: =C5*D5 -> 10.0737 | F5: =MAX(0,1-E5) -> 0 | G5: =IF(E5>1, 0, -C5*A5) -> 0 | H5: =IF(E5>=1, 0, -C5*B5) -> 0 | I5: =IF(E5>=1, 0, -C5) -> 0
A6: 88 | B6: 84 | C6: 1 | D6: =ModelParameter!$F$2*Iterasi2!A6+ModelParameter!$F$3*Iterasi2!B6+ModelParameter!$F$4 -> 11.9574 | E6: =C6*D6 -> 11.9574 | F6: =MAX(0,1-E6) -> 0 | G6: =IF(E6>1, 0, -C6*A6) -> 0 | H6: =IF(E6>=1, 0, -C6*B6) -> 0 | I6: =IF(E6>=1, 0, -C6) -> 0
A7: 92 | B7: 89 | C7: 1 | D7: =ModelParameter!$F$2*Iterasi2!A7+ModelParameter!$F$3*Iterasi2!B7+ModelParameter!$F$4 -> 12.5821 | E7: =C7*D7 -> 12.5821 | F7: =MAX(0,1-E7) -> 0 | G7: =IF(E7>1, 0, -C7*A7) -> 0 | H7: =IF(E7>=1, 0, -C7*B7) -> 0 | I7: =IF(E7>=1, 0, -C7) -> 0
A8: 76 | B8: 80 | C8: 1 | D8: =ModelParameter!$F$2*Iterasi2!A8+ModelParameter!$F$3*Iterasi2!B8+ModelParameter!$F$4 -> 10.839 | E8: =C8*D8 -> 10.839 | F8: =MAX(0,1-E8) -> 0 | G8: =IF(E8>1, 0, -C8*A8) -> 0 | H8: =IF(E8>=1, 0, -C8*B8) -> 0 | I8: =IF(E8>=1, 0, -C8) -> 0
A9: 83 | B9: 79 | C9: 1 | D9: =ModelParameter!$F$2*Iterasi2!A9+ModelParameter!$F$3*Iterasi2!B9+ModelParameter!$F$4 -> 11.2624 | E9: =C9*D9 -> 11.2624 | F9: =MAX(0,1-E9) -> 0 | G9: =IF(E9>1, 0, -C9*A9) -> 0 | H9: =IF(E9>=1, 0, -C9*B9) -> 0 | I9: =IF(E9>=1, 0, -C9) -> 0
A10: 87 | B10: 90 | C10: 1 | D10: =ModelParameter!$F$2*Iterasi2!A10+ModelParameter!$F$3*Iterasi2!B10+ModelParameter!$F$4 -> 12.2993 | E10: =C10*D10 -> 12.2993 | F10: =MAX(0,1-E10) -> 0 | G10: =IF(E10>1, 0, -C10*A10) -> 0 | H10: =IF(E10>=1, 0, -C10*B10) -> 0 | I10: =IF(E10>=1, 0, -C10) -> 0
A11: 80 | B11: 85 | C11: 1 | D11: =ModelParameter!$F$2*Iterasi2!A11+ModelParameter!$F$3*Iterasi2!B11+ModelParameter!$F$4 -> 11.4637 | E11: =C11*D11 -> 11.4637 | F11: =MAX(0,1-E11) -> 0 | G11: =IF(E11>1, 0, -C11*A11) -> 0 | H11: =IF(E11>=1, 0, -C11*B11) -> 0 | I11: =IF(E11>=1, 0, -C11) -> 0
A12: 74 | B12: 78 | C12: 1 | D12: =ModelParameter!$F$2*Iterasi2!A12+ModelParameter!$F$3*Iterasi2!B12+ModelParameter!$F$4 -> 10.561 | E12: =C12*D12 -> 10.561 | F12: =MAX(0,1-E12) -> 0 | G12: =IF(E12>1, 0, -C12*A12) -> 0 | H12: =IF(E12>=1, 0, -C12*B12) -> 0 | I12: =IF(E12>=1, 0, -C12) -> 0
A13: 89 | B13: 86 | C13: 1 | D13: =ModelParameter!$F$2*Iterasi2!A13+ModelParameter!$F$3*Iterasi2!B13+ModelParameter!$F$4 -> 12.1651 | E13: =C13*D13 -> 12.1651 | F13: =MAX(0,1-E13) -> 0 | G13: =IF(E13>1, 0, -C13*A13) -> 0 | H13: =IF(E13>=1, 0, -C13*B13) -> 0 | I13: =IF(E13>=1, 0, -C13) -> 0
... A51: 90 | B51: 92 | C51: 1 | D51: =ModelParameter!$F$2*Iterasi2!A51+ModelParameter!$F$3*Iterasi2!B51+ModelParameter!$F$4 -> 12.6476 | E51: =C51*D51 -> 12.6476 | F51: =MAX(0,1-E51) -> 0 | G51: =IF(E51>1, 0, -C51*A51) -> 0 | H51: =IF(E51>=1, 0, -C51*B51) -> 0 | I51: =IF(E51>=1, 0, -C51) -> 0

Sheet Iterasi3
A1: x1 | B1: x2 | C1: y | D1: f(x) | E1: y.f(x) | F1: Loss | G1: grad_w1 | H1: grad_w2 | I1: grad_b
A2: 85 | B2: 88 | C2: 1 | D2: =ModelParameter!$J$2*Iterasi3!A2+ModelParameter!$J$3*Iterasi3!B2+ModelParameter!$J$4 -> -12.4994 | E2: =C2*D2 -> -12.4994 | F2: =MAX(0, 1 - E2) -> 13.4994 | G2: =IF(E2>=1, 0, -C2*A2) -> -85 | H2: =IF(E2>=1, 0, -C2*B2) -> -88 | I2: =IF(E2>=1, 0, -C2) -> -1
A3: 78 | B3: 82 | C3: 1 | D3: =ModelParameter!$J$2*Iterasi3!A3+ModelParameter!$J$3*Iterasi3!B3+ModelParameter!$J$4 -> -11.5646 | E3: =C3*D3 -> -11.5646 | F3: =MAX(0, 1 - E3) -> 12.5646 | G3: =IF(E3>=1, 0, -C3*A3) -> -78 | H3: =IF(E3>=1, 0, -C3*B3) -> -82 | I3: =IF(E3>=1, 0, -C3) -> -1
A4: 90 | B4: 91 | C4: 1 | D4: =ModelParameter!$J$2*Iterasi3!A4+ModelParameter!$J$3*Iterasi3!B4+ModelParameter!$J$4 -> -13.0694 | E4: =C4*D4 -> -13.0694 | F4: =MAX(0, 1 - E4) -> 14.0694 | G4: =IF(E4>=1, 0, -C4*A4) -> -90 | H4: =IF(E4>=1, 0, -C4*B4) -> -91 | I4: =IF(E4>=1, 0, -C4) -> -1
A5: 70 | B5: 75 | C5: 1 | D5: =ModelParameter!$J$2*Iterasi3!A5+ModelParameter!$J$3*Iterasi3!B5+ModelParameter!$J$4 -> -10.4854 | E5: =C5*D5 -> -10.4854 | F5: =MAX(0, 1 - E5) -> 11.4854 | G5: =IF(E5>=1, 0, -C5*A5) -> -70 | H5: =IF(E5>=1, 0, -C5*B5) -> -75 | I5: =IF(E5>=1, 0, -C5) -> -1
A6: 88 | B6: 84 | C6: 1 | D6: =ModelParameter!$J$2*Iterasi3!A6+ModelParameter!$J$3*Iterasi3!B6+ModelParameter!$J$4 -> -12.4006 | E6: =C6*D6 -> -12.4006 | F6: =MAX(0, 1 - E6) -> 13.4006 | G6: =IF(E6>=1, 0, -C6*A6) -> -88 | H6: =IF(E6>=1, 0, -C6*B6) -> -84 | I6: =IF(E6>=1, 0, -C6) -> -1
A7: 92 | B7: 89 | C7: 1 | D7: =ModelParameter!$J$2*Iterasi3!A7+ModelParameter!$J$3*Iterasi3!B7+ModelParameter!$J$4 -> -13.0542 | E7: =C7*D7 -> -13.0542 | F7: =MAX(0, 1 - E7) -> 14.0542 | G7: =IF(E7>=1, 0, -C7*A7) -> -92 | H7: =IF(E7>=1, 0, -C7*B7) -> -89 | I7: =IF(E7>=1, 0, -C7) -> -1
A8: 76 | B8: 80 | C8: 1 | D8: =ModelParameter!$J$2*Iterasi3!A8+ModelParameter!$J$3*Iterasi3!B8+ModelParameter!$J$4 -> -11.2758 | E8: =C8*D8 -> -11.2758 | F8: =MAX(0, 1 - E8) -> 12.2758 | G8: =IF(E8>=1, 0, -C8*A8) -> -76 | H8: =IF(E8>=1, 0, -C8*B8) -> -80 | I8: =IF(E8>=1, 0, -C8) -> -1
A9: 83 | B9: 79 | C9: 1 | D9: =ModelParameter!$J$2*Iterasi3!A9+ModelParameter!$J$3*Iterasi3!B9+ModelParameter!$J$4 -> -11.6786 | E9: =C9*D9 -> -11.6786 | F9: =MAX(0, 1 - E9) -> 12.6786 | G9: =IF(E9>=1, 0, -C9*A9) -> -83 | H9: =IF(E9>=1, 0, -C9*B9) -> -79 | I9: =IF(E9>=1, 0, -C9) -> -1
A10: 87 | B10: 90 | C10: 1 | D10: =ModelParameter!$J$2*Iterasi3!A10+ModelParameter!$J$3*Iterasi3!B10+ModelParameter!$J$4 -> -12.7882 | E10: =C10*D10 -> -12.7882 | F10: =MAX(0, 1 - E10) -> 13.7882 | G10: =IF(E10>=1, 0, -C10*A10) -> -87 | H10: =IF(E10>=1, 0, -C10*B10) -> -90 | I10: =IF(E10>=1, 0, -C10) -> -1
A11: 80 | B11: 85 | C11: 1 | D11: =ModelParameter!$J$2*Iterasi3!A11+ModelParameter!$J$3*Iterasi3!B11+ModelParameter!$J$4 -> -11.9294 | E11: =C11*D11 -> -11.9294 | F11: =MAX(0, 1 - E11) -> 12.9294 | G11: =IF(E11>=1, 0, -C11*A11) -> -80 | H11: =IF(E11>=1, 0, -C11*B11) -> -85 | I11: =IF(E11>=1, 0, -C11) -> -1
A12: 74 | B12: 78 | C12: 1 | D12: =ModelParameter!$J$2*Iterasi3!A12+ModelParameter!$J$3*Iterasi3!B12+ModelParameter!$J$4 -> -10.987 | E12: =C12*D12 -> -10.987 | F12: =MAX(0, 1 - E12) -> 11.987 | G12: =IF(E12>=1, 0, -C12*A12) -> -74 | H12: =IF(E12>=1, 0, -C12*B12) -> -78 | I12: =IF(E12>=1, 0, -C12) -> -1
A13: 89 | B13: 86 | C13: 1 | D13: =ModelParameter!$J$2*Iterasi3!A13+ModelParameter!$J$3*Iterasi3!B13+ModelParameter!$J$4 -> -12.621 | E13: =C13*D13 -> -12.621 | F13: =MAX(0, 1 - E13) -> 13.621 | G13: =IF(E13>=1, 0, -C13*A13) -> -89 | H13: =IF(E13>=1, 0, -C13*B13) -> -86 | I13: =IF(E13>=1, 0, -C13) -> -1
... A51: 90 | B51: 92 | C51: 1 | D51: =ModelParameter!$J$2*Iterasi3!A51+ModelParameter!$J$3*Iterasi3!B51+ModelParameter!$J$4 -> -13.1454 | E51: =C51*D51 -> -13.1454 | F51: =MAX(0, 1 - E51) -> 14.1454 | G51: =IF(E51>=1, 0, -C51*A51) -> -90 | H51: =IF(E51>=1, 0, -C51*B51) -> -92 | I51: =IF(E51>=1, 0, -C51) -> -1

Sheet Iterasi4
A1: x1 | B1: x2 | C1: y | D1: f(x) | E1: y.f(x) | F1: Loss | G1: grad_w1 | H1: grad_w2 | I1: grad_b
A2: 85 | B2: 88 | C2: 1 | D2: =ModelParameter!$N$2*Iterasi4!A2+ModelParameter!$N$3*Iterasi4!B2+ModelParameter!$N$4 -> 24.0422 | E2: =C2*D2 -> 24.0422 | F2: =MAX(0, 1 - E2) -> 0 | G2: =IF(E2>=1, 0, -C2*A2) -> 0 | H2: =IF(E2>=1, 0, -C2*B2) -> 0 | I2: =IF(E2>=1, 0, -C2) -> 0
A3: 78 | B3: 82 | C3: 1 | D3: =ModelParameter!$N$2*Iterasi4!A3+ModelParameter!$N$3*Iterasi4!B3+ModelParameter!$N$4 -> 22.2336 | E3: =C3*D3 -> 22.2336 | F3: =MAX(0, 1 - E3) -> 0 | G3: =IF(E3>=1, 0, -C3*A3) -> 0 | H3: =IF(E3>=1, 0, -C3*B3) -> 0 | I3: =IF(E3>=1, 0, -C3) -> 0
A4: 90 | B4: 91 | C4: 1 | D4: =ModelParameter!$N$2*Iterasi4!A4+ModelParameter!$N$3*Iterasi4!B4+ModelParameter!$N$4 -> 25.1574 | E4: =C4*D4 -> 25.1574 | F4: =MAX(0, 1 - E4) -> 0 | G4: =IF(E4>=1, 0, -C4*A4) -> 0 | H4: =IF(E4>=1, 0, -C4*B4) -> 0 | I4: =IF(E4>=1, 0, -C4) -> 0
A5: 70 | B5: 75 | C5: 1 | D5: =ModelParameter!$N$2*Iterasi4!A5+ModelParameter!$N$3*Iterasi4!B5+ModelParameter!$N$4 -> 20.147 | E5: =C5*D5 -> 20.147 | F5: =MAX(0, 1 - E5) -> 0 | G5: =IF(E5>=1, 0, -C5*A5) -> 0 | H5: =IF(E5>=1, 0, -C5*B5) -> 0 | I5: =IF(E5>=1, 0, -C5) -> 0
A6: 88 | B6: 84 | C6: 1 | D6: =ModelParameter!$N$2*Iterasi4!A6+ModelParameter!$N$3*Iterasi4!B6+ModelParameter!$N$4 -> 23.9144 | E6: =C6*D6 -> 23.9144 | F6: =MAX(0, 1 - E6) -> 0 | G6: =IF(E6>=1, 0, -C6*A6) -> 0 | H6: =IF(E6>=1, 0, -C6*B6) -> 0 | I6: =IF(E6>=1, 0, -C6) -> 0
A7: 92 | B7: 89 | C7: 1 | D7: =ModelParameter!$N$2*Iterasi4!A7+ModelParameter!$N$3*Iterasi4!B7+ModelParameter!$N$4 -> 25.1638 | E7: =C7*D7 -> 25.1638 | F7: =MAX(0, 1 - E7) -> 0 | G7: =IF(E7>=1, 0, -C7*A7) -> 0 | H7: =IF(E7>=1, 0, -C7*B7) -> 0 | I7: =IF(E7>=1, 0, -C7) -> 0
A8: 76 | B8: 80 | C8: 1 | D8: =ModelParameter!$N$2*Iterasi4!A8+ModelParameter!$N$3*Iterasi4!B8+ModelParameter!$N$4 -> 21.6776 | E8: =C8*D8 -> 21.6776 | F8: =MAX(0, 1 - E8) -> 0 | G8: =IF(E8>=1, 0, -C8*A8) -> 0 | H8: =IF(E8>=1, 0, -C8*B8) -> 0 | I8: =IF(E8>=1, 0, -C8) -> 0
A9: 83 | B9: 79 | C9: 1 | D9: =ModelParameter!$N$2*Iterasi4!A9+ModelParameter!$N$3*Iterasi4!B9+ModelParameter!$N$4 -> 22.5244 | E9: =C9*D9 -> 22.5244 | F9: =MAX(0, 1 - E9) -> 0 | G9: =IF(E9>=1, 0, -C9*A9) -> 0 | H9: =IF(E9>=1, 0, -C9*B9) -> 0 | I9: =IF(E9>=1, 0, -C9) -> 0
A10: 87 | B10: 90 | C10: 1 | D10: =ModelParameter!$N$2*Iterasi4!A10+ModelParameter!$N$3*Iterasi4!B10+ModelParameter!$N$4 -> 24.5982 | E10: =C10*D10 -> 24.5982 | F10: =MAX(0, 1 - E10) -> 0 | G10: =IF(E10>=1, 0, -C10*A10) -> 0 | H10: =IF(E10>=1, 0, -C10*B10) -> 0 | I10: =IF(E10>=1, 0, -C10) -> 0
A11: 80 | B11: 85 | C11: 1 | D11: =ModelParameter!$N$2*Iterasi4!A11+ModelParameter!$N$3*Iterasi4!B11+ModelParameter!$N$4 -> 22.927 | E11: =C11*D11 -> 22.927 | F11: =MAX(0, 1 - E11) -> 0 | G11: =IF(E11>=1, 0, -C11*A11) -> 0 | H11: =IF(E11>=1, 0, -C11*B11) -> 0 | I11: =IF(E11>=1, 0, -C11) -> 0
A12: 74 | B12: 78 | C12: 1 | D12: =ModelParameter!$N$2*Iterasi4!A12+ModelParameter!$N$3*Iterasi4!B12+ModelParameter!$N$4 -> 21.1216 | E12: =C12*D12 -> 21.1216 | F12: =MAX(0, 1 - E12) -> 0 | G12: =IF(E12>=1, 0, -C12*A12) -> 0 | H12: =IF(E12>=1, 0, -C12*B12) -> 0 | I12: =IF(E12>=1, 0, -C12) -> 0
A13: 89 | B13: 86 | C13: 1 | D13: =ModelParameter!$N$2*Iterasi4!A13+ModelParameter!$N$3*Iterasi4!B13+ModelParameter!$N$4 -> 24.3298 | E13: =C13*D13 -> 24.3298 | F13: =MAX(0, 1 - E13) -> 0 | G13: =IF(E13>=1, 0, -C13*A13) -> 0 | H13: =IF(E13>=1, 0, -C13*B13) -> 0 | I13: =IF(E13>=1, 0, -C13) -> 0
... A51: 90 | B51: 92 | C51: 1 | D51: =ModelParameter!$N$2*Iterasi4!A51+ModelParameter!$N$3*Iterasi4!B51+ModelParameter!$N$4 -> 25.2948 | E51: =C51*D51 -> 25.2948 | F51: =MAX(0, 1 - E51) -> 0 | G51: =IF(E51>=1, 0, -C51*A51) -> 0 | H51: =IF(E51>=1, 0, -C51*B51) -> 0 | I51: =IF(E51>=1, 0, -C51) -> 0

Sheet Iterasi5
A1: x1 | B1: x2 | C1: y | D1: f(x) | E1: y.f(x) | F1: Loss | G1: grad_w1 | H1: grad_w2 | I1: grad_b
A2: 85 | B2: 88 | C2: 1 | D2: =ModelParameter!$R$2*Iterasi5!A2+ModelParameter!$R$3*Iterasi5!B2+ModelParameter!$R$4 -> -0.4785 | E2: =C2*D2 -> -0.4785 | F2: =MAX(0, 1 - E2) -> 1.4785 | G2: =IF(E2>=1, 0, -C2*A2) -> -85 | H2: =IF(E2>=1, 0, -C2*B2) -> -88 | I2: =IF(E2>=1, 0, -C2) -> -1
A3: 78 | B3: 82 | C3: 1 | D3: =ModelParameter!$R$2*Iterasi5!A3+ModelParameter!$R$3*Iterasi5!B3+ModelParameter!$R$4 -> -0.448 | E3: =C3*D3 -> -0.448 | F3: =MAX(0, 1 - E3) -> 1.448 | G3: =IF(E3>=1, 0, -C3*A3) -> -78 | H3: =IF(E3>=1, 0, -C3*B3) -> -82 | I3: =IF(E3>=1, 0, -C3) -> -1
A4: 90 | B4: 91 | C4: 1 | D4: =ModelParameter!$R$2*Iterasi5!A4+ModelParameter!$R$3*Iterasi5!B4+ModelParameter!$R$4 -> -0.4909 | E4: =C4*D4 -> -0.4909 | F4: =MAX(0, 1 - E4) -> 1.4909 | G4: =IF(E4>=1, 0, -C4*A4) -> -90 | H4: =IF(E4>=1, 0, -C4*B4) -> -91 | I4: =IF(E4>=1, 0, -C4) -> -1
A5: 70 | B5: 75 | C5: 1 | D5: =ModelParameter!$R$2*Iterasi5!A5+ModelParameter!$R$3*Iterasi5!B5+ModelParameter!$R$4 -> -0.4121 | E5: =C5*D5 -> -0.4121 | F5: =MAX(0, 1 - E5) -> 1.4121 | G5: =IF(E5>=1, 0, -C5*A5) -> -70 | H5: =IF(E5>=1, 0, -C5*B5) -> -75 | I5: =IF(E5>=1, 0, -C5) -> -1
A6: 88 | B6: 84 | C6: 1 | D6: =ModelParameter!$R$2*Iterasi5!A6+ModelParameter!$R$3*Iterasi5!B6+ModelParameter!$R$4 -> -0.4436 | E6: =C6*D6 -> -0.4436 | F6: =MAX(0, 1 - E6) -> 1.4436 | G6: =IF(E6>=1, 0, -C6*A6) -> -88 | H6: =IF(E6>=1, 0, -C6*B6) -> -84 | I6: =IF(E6>=1, 0, -C6) -> -1
A7: 92 | B7: 89 | C7: 1 | D7: =ModelParameter!$R$2*Iterasi5!A7+ModelParameter!$R$3*Iterasi5!B7+ModelParameter!$R$4 -> -0.4725 | E7: =C7*D7 -> -0.4725 | F7: =MAX(0, 1 - E7) -> 1.4725 | G7: =IF(E7>=1, 0, -C7*A7) -> -92 | H7: =IF(E7>=1, 0, -C7*B7) -> -89 | I7: =IF(E7>=1, 0, -C7) -> -1
A8: 76 | B8: 80 | C8: 1 | D8: =ModelParameter!$R$2*Iterasi5!A8+ModelParameter!$R$3*Iterasi5!B8+ModelParameter!$R$4 -> -0.4372 | E8: =C8*D8 -> -0.4372 | F8: =MAX(0, 1 - E8) -> 1.4372 | G8: =IF(E8>=1, 0, -C8*A8) -> -76 | H8: =IF(E8>=1, 0, -C8*B8) -> -80 | I8: =IF(E8>=1, 0, -C8) -> -1
A9: 83 | B9: 79 | C9: 1 | D9: =ModelParameter!$R$2*Iterasi5!A9+ModelParameter!$R$3*Iterasi5!B9+ModelParameter!$R$4 -> -0.4166 | E9: =C9*D9 -> -0.4166 | F9: =MAX(0, 1 - E9) -> 1.4166 | G9: =IF(E9>=1, 0, -C9*A9) -> -83 | H9: =IF(E9>=1, 0, -C9*B9) -> -79 | I9: =IF(E9>=1, 0, -C9) -> -1
A10: 87 | B10: 90 | C10: 1 | D10: =ModelParameter!$R$2*Iterasi5!A10+ModelParameter!$R$3*Iterasi5!B10+ModelParameter!$R$4 -> -0.4893 | E10: =C10*D10 -> -0.4893 | F10: =MAX(0, 1 - E10) -> 1.4893 | G10: =IF(E10>=1, 0, -C10*A10) -> -87 | H10: =IF(E10>=1, 0, -C10*B10) -> -90 | I10: =IF(E10>=1, 0, -C10) -> -1
A11: 80 | B11: 85 | C11: 1 | D11: =ModelParameter!$R$2*Iterasi5!A11+ModelParameter!$R$3*Iterasi5!B11+ModelParameter!$R$4 -> -0.4661 | E11: =C11*D11 -> -0.4661 | F11: =MAX(0, 1 - E11) -> 1.4661 | G11: =IF(E11>=1, 0, -C11*A11) -> -80 | H11: =IF(E11>=1, 0, -C11*B11) -> -85 | I11: =IF(E11>=1, 0, -C11) -> -1
A12: 74 | B12: 78 | C12: 1 | D12: =ModelParameter!$R$2*Iterasi5!A12+ModelParameter!$R$3*Iterasi5!B12+ModelParameter!$R$4 -> -0.4264 | E12: =C12*D12 -> -0.4264 | F12: =MAX(0, 1 - E12) -> 1.4264 | G12: =IF(E12>=1, 0, -C12*A12) -> -74 | H12: =IF(E12>=1, 0, -C12*B12) -> -78 | I12: =IF(E12>=1, 0, -C12) -> -1
A13: 89 | B13: 86 | C13: 1 | D13: =ModelParameter!$R$2*Iterasi5!A13+ModelParameter!$R$3*Iterasi5!B13+ModelParameter!$R$4 -> -0.4563 | E13: =C13*D13 -> -0.4563 | F13: =MAX(0, 1 - E13) -> 1.4563 | G13: =IF(E13>=1, 0, -C13*A13) -> -89 | H13: =IF(E13>=1, 0, -C13*B13) -> -86 | I13: =IF(E13>=1, 0, -C13) -> -1
... A51: 90 | B51: 92 | C51: 1 | D51: =ModelParameter!$R$2*Iterasi5!A51+ModelParameter!$R$3*Iterasi5!B51+ModelParameter!$R$4 -> -0.4982 | E51: =C51*D51 -> -0.4982 | F51: =MAX(0, 1 - E51) -> 1.4982 | G51: =IF(E51>=1, 0, -C51*A51) -> -90 | H51: =IF(E51>=1, 0, -C51*B51) -> -92 | I51: =IF(E51>=1, 0, -C51) -> -1
